timestamp,total_files,total_lines,total_words,total_chars,total_size,avg_complexity,code_to_comment_ratio
2024-09-12T02:52:28.560674,0,0,0,0,0,0,0
2024-09-12T02:54:14.404532,11,0,0,176881,176881,0,0
2024-09-12T02:55:54.763479,11,6192,15125,175188,176964,0,0
2024-09-12T02:59:13.018164,11,6198,15154,175359,177141,0,0
2024-09-12T03:01:57.089068,11,6203,15179,175558,177345,0,0
2024-09-12T03:04:21.857292,11,6206,15185,175600,177390,0,0
2024-09-12T03:07:12.717511,31,7710,19453,227317,230600,0,0
2024-09-12T03:08:13.126278,30,3187,10884,114510,117793,0,0
2024-09-12T03:19:59.198717,30,3193,10896,114862,118151,11.133333333333333,0
2024-09-12T03:23:26.777557,30,3206,10959,115489,118791,11.233333333333333,0
2024-09-12T03:29:04.596792,30,3218,11006,116022,119336,11.233333333333333,20.486725663716815
2024-09-12T03:32:37.707190,30,3224,11015,116085,119405,11.166666666666666,20.486725663716815
2024-09-12T03:59:31.732422,30,3236,11023,116227,119559,11.166666666666666,19.652542372881356
2024-09-12T04:18:53.421240,30,3355,11391,121239,124690,12.233333333333333,21.954954954954953
2024-09-12T04:20:25.306611,30,3359,11403,121448,124903,12.233333333333333,21.98198198198198
2024-09-12T04:23:24.188977,30,3375,11517,122369,125840,12.366666666666667,20.923076923076923
2024-09-12T04:56:59.404674,30,3416,11629,123853,127365,13.566666666666666,0.7429545454545454
2024-09-12T05:08:49.552729,30,3420,11715,124478,127993,13.833333333333334,0.7435256701499319
2024-09-12T05:11:57.907909,30,3421,11723,124552,128068,13.866666666666667,0.7439800090867787
2024-09-12T05:12:44.333022,30,3428,11755,124862,128385,13.9,0.7445504087193461
2024-09-12T05:14:30.603906,30,3428,11755,124862,128385,13.0,21.0
2024-09-12T05:30:17.086067,30,3441,11798,125648,129184,13.1,21.083333333333332
2024-09-12T05:37:02.545303,31,3471,11873,126727,130293,12.67741935483871,21.083333333333332
2024-09-12T05:41:32.936005,31,3531,12051,128516,132142,12.774193548387096,19.875968992248062
